title,logo,fontFamily,price,buyLink
Illumina,001,family01,90,https://hono.lemonsqueezy.com/checkout/buy/2ec40774-1f13-4328-b6cc-8a57b4cd3e44
Decoy,002,family02,90,https://hono.lemonsqueezy.com/checkout/buy/fa539fd3-0d46-48c4-8f56-633f69fdee7d
Klayto,003,family01,90,https://hono.lemonsqueezy.com/checkout/buy/f58abe76-d896-4e8c-ac7d-8ff288bd5ce1
Wonder,004,family02,90,https://hono.lemonsqueezy.com/checkout/buy/4b2f2eca-f33a-4d13-bb0d-4b8d11631540
Oceanica,005,family02,90,https://hono.lemonsqueezy.com/checkout/buy/589cb9ca-4759-43b3-a7ff-324573c5cc5e
Marina,006,family03,90,https://hono.lemonsqueezy.com/checkout/buy/47d80f6f-2df4-4c46-b5a5-9521436c02bb
Sunlight,007,family01,90,https://hono.lemonsqueezy.com/checkout/buy/b1761d95-0d61-4c55-a5fe-aed9189619c2
Whoop,008,family03,90,https://hono.lemonsqueezy.com/checkout/buy/f611c345-5adf-4e69-9575-83c64f36328b
Blou,009,family02,90,https://hono.lemonsqueezy.com/checkout/buy/01d28665-6032-40d4-a6df-b439b28b6e1b
Fastli,010,family01,90,https://hono.lemonsqueezy.com/checkout/buy/b71e81de-5b2a-4180-bcc5-93b780192726
VÃ¥g,011,family01,90,https://hono.lemonsqueezy.com/checkout/buy/7a0cd6ee-d1d0-496e-9256-76b1754245ca
Chopstick,012,family01,90,https://hono.lemonsqueezy.com/checkout/buy/c131ef8b-d9f5-43f1-9b4d-c961d3dabe1c
Onda,013,family03,90,https://hono.lemonsqueezy.com/checkout/buy/85b8fcb2-dbc3-40ea-972d-8e2eeaf151ef
Verve,014,family02,90,https://hono.lemonsqueezy.com/checkout/buy/e9facb03-4ef6-418f-9bd2-741824445a5f